id,section,status,year,end,title,authors,venue,volume,issue,pages,publisher,doi,url,organisation,location,description,short,homepage,cv_long,cv_short,reflist,bibtype,abstract,note
halpin2026ediacaran,article,published,2026,,"Ediacaran–Cambrian High‐Strain Melt‐Present Deformation of the Archean Charcot Province, East Antarctica","Halpin, Jacqueline A.; Daczko, Nathan R.; Mulder, Jacob A.; Maritati, Alessandro; Stål, Tobias",Tectonics,45,8,e2026TC009479,American Geophysical Union (AGU),10.1029/2026TC009479,,,,,,,,,,,"The assembly of Gondwana involved several Pan‐African orogens, although their extension into ice‐covered Antarctica remains contentious. Particularly problematic is our understanding of the Kuunga orogenic system in East Antarctica, including its eroded architecture and temporal evolution. The remote Charcot Province, at the easternmost extent of the Antarctic Kuunga Orogen, presents a key opportunity to test recent tectonic models. Here we investigate the geological history of Alligator Island, a rarely visited exposure of the Charcot Province. Field relationships, petrography and zircon U–Pb–Hf geochronology indicate that the Alligator Island migmatitic gneisses originated from a Mesoarchean (c. 2.97–2.95 Ga) volcano‐sedimentary package. Metamorphism during the Neoarchean (c. 2.76 Ga) was characterized by channeled melt migration. An apparent tectonic quiescence followed until the Ediacaran–Cambrian (580–540 Ma) when high‐strain melt‐present deformation led to pervasive migmatitic textures and tight folding. Zircon Hf isotopic signatures from anatectic 580–540 Ma grains indicate that melt was sourced from crust older than 3.0 Ga. Melt metasomatism affected whole rock chemistry and feldspar Pb–Pb compositions highlighting complex interactions within the crust. Correlations within the Charcot Province suggest that Alligator Island's Mesoarchean volcano‐sedimentary package was deposited on a basement complex possibly represented by Paleo‐Mesoarchean gneisses exposed 40–60 km to the east at Cape Charcot and Davis Peninsula. Overall our findings are consistent with a recent model in which Charcot Province rocks formed through gravitational spreading within the Kuunga orogenic system during Gondwana assembly, and enhance our understanding of the tectonic processes shaping East Antarctica.",
manassero2026bed,article,published,2026,,"Bed Topography and Subglacial Conditions of Denman Glacier, East Antarctica: Insights From Magnetotelluric Data and Interdisciplinary Studies","Manassero, Maria Constanza; Selway, Kate; Stål, Tobias; Scheiter, Matthias; Loesing, Mareen; McCormack, Felicity; Halpin, Jacqueline A.; Kulessa, Bernd; Reading, Anya M.",Journal of Geophysical Research: Earth Surface,131,7,e2026JF009277,American Geophysical Union (AGU),10.1029/2026JF009277,,,,,,,,,,,"Understanding the basal conditions of East Antarctica's outlet glaciers is critical for accurately modeling future ice‐sheet evolution. Denman Glacier, one of the continent's fastest‐flowing glaciers, has been identified in bed‐topography models as occupying the deepest continental trough on Earth, potentially acting as a major outlet of the East Antarctic Ice Sheet. Here we present a land‐based magnetotelluric transect across Denman Glacier, acquired approximately 50 km upstream from its grounding line. These measurements provide the first in situ, ground‐based geophysical constraints on the glacier's subglacial structure, enabling evaluation of existing airborne‐derived models and reducing uncertainty and non‐uniqueness in inferred bed topography. The resistivity model images a laterally continuous, highly resistive unit (–), interpreted as glacial ice. This ice overlies lower‐resistivity regions (–) interpreted to be unconsolidated sediments and rock. Along the glacier flanks, the boundary between ice and underlying material aligns closely with radar‐derived trough depths. In contrast, beneath the glacier center, the model indicates a trough depth of m below sea level, more than 1000 m shallower than previous estimates, indicating that the extreme depths predicted by earlier models are not observed. Basement resistivity is consistent with magnetic source depths and regional geological constraints. A low‐resistivity feature () near the center of the glacier is interpreted as a sedimentary topographic high. Low‐resistivity anomalies beneath the glacier are attributed to saline porewater within till or sedimentary rocks. The inferred bed geometry and basal conditions provide improved constraints for modeling Denman Glacier's stability and future evolution.",
kelly2026sediment,article,published,2026,,Determining the Character of Subglacial Sediments in the Ice‐Bedrock Interface Zone of Antarctica Using Horizontal‐to‐Vertical Spectral Ratios (HVSRs) of Seismic Ambient Noise,"Kelly, I. D.; Reading, A. M.; Stål, T.; Kulessa, B.; García‐Jerez, A.; Piña‐Flores, J.; Paolucci, E.; Tanzini, A.; Turner, R. J.; Magyar, J. C.; Bassom, A. P.",Journal of Geophysical Research: Solid Earth,131,6,e2025JB033029,American Geophysical Union (AGU),10.1029/2025JB033029,,,,,,,,,,,"Interactions between the Antarctic Ice Sheet and the underlying solid Earth occur within the ice‐bedrock interface zone (IBIZ), containing structures of sediments and rocks that strongly influence ice sheet dynamics. Existing insights into the Antarctic IBIZ come primarily from interpretations of airborne geophysical data and active seismic measurements, which require significant logistics. Passive seismic methods provide a lower cost, lower resolution alternative for subglacial mapping, with the potential for continuous remote monitoring. Here, we utilize horizontal‐to‐vertical spectral ratios (HVSRs) of seismic ambient noise to infer the presence of subglacial low‐velocity zones generated by unlithified sediments or porous, water saturated sedimentary rocks, using existing data from over 80 broadband stations across Antarctica. From 1‐D forward modeling, we identify a decrease in synthetic HVSR peak frequencies dependent on the thickness and S‐wave velocity () of the low‐velocity zone unrelated to seismic wavefield conditions. This sensitivity in HVSR peak frequencies is validated by the agreement between synthetic and observed HVSRs at Antarctic stations with independent prior constraints on subglacial structure. Our observed HVSR analysis additionally reveals a widespread seasonality in observed HVSR amplitudes between 0.2 and 1 Hz that correlates with sea ice evolution and the modulation of secondary microseism energies in the Southern Ocean. From the decrease in observed HVSR peak frequencies, we infer the likelihood of subglacial low‐velocity zones across Antarctica along major passive seismic transects, mapping to key subglacial sedimentary basins. We provide practical recommendations for future HVSR applications to infer subglacial low‐velocity zones reliably.",
mccormack2026synthetic,article,published,2026,,Synthetic bed topographies for Antarctica and their utility in ice sheet modelling,"McCormack, Felicity S.; Stål, Tobias; Shao, Niya; MacKie, Emma; Fabela Hinojosa, Ana; Lösing, Mareen; Roberts, Jason; Ehrenfeucht, Shivani; Dow, Christine","Philosophical Transactions of the Royal Society A: Mathematical, Physical and Engineering Sciences",384,2319,20240537,The Royal Society,10.1098/rsta.2024.0537,,,,,,,,,,,"Bed topography is a key control on the evolution of the Antarctic Ice Sheet, influencing ice flow, grounding line retreat and the rate and timing of ice mass loss. To assess the sensitivity of ice sheet evolution to bed variability in ice sheet models, synthetic gridded bed topography datasets are often used. Here, we review methods commonly used to generate synthetic beds, their associated uncertainties and the influence of the approach on the characteristics of the resulting bed. Using the Aurora Subglacial Basin in East Antarctica as a case study, we evaluate the impact of five synthetic bed generation methods on projected ice mass loss under a high emission scenario. Sea-level rise estimates vary by up to 11% (SSP5-8.5 forcing scenario) and 32% (RCP2.6) at 2300 CE when basal friction coefficients from the friction law are optimized for each bed, and by up to 23% (SSP5-8.5) and 51% (RCP2.6) at 2300 CE when using non-optimized coefficients. Our results highlight the importance of relatively small bed variations on the timing and extent of grounding line retreat and the need for process-informed representation of the basal friction in decadal- to centennial-scale sea-level projections. This article is part of the Theo Murphy meeting issue ‘Next generation ice-sheet bed measurements’.",
arora2026geothermal,article,published,2026,,"Geothermal heat flow in the Princess Elizabeth Land sector, East Antarctica","Arora, Devsamridhi; Pant, Naresh Chandra; Stål, Tobias; Naik, Aditya; Pandey, Mayuri; Gupta, Rashmi",Earth-Science Reviews,277,,105475,Elsevier BV,10.1016/j.earscirev.2026.105475,,,,,,,,,,,,
alaghbary2026uncertainty,article,published,2026,,Uncertainty quantification using clustering-based quantile regression forests: with an application to improving geothermal heat flow predictions,"Al-Aghbary, Magued; Sobh, Mohamed; Stål, Tobias; Awaleh, Mohamed Osman; Jalludin, Mohamed; Gerhards, Christian",Geophysical Journal International,245,2,ggag113,Oxford University Press (OUP),10.1093/gji/ggag113,,,,,,,,,,,"Machine learning models offer powerful predictive capabilities for geoscientific applications but remain limited by their ‘black-box’ nature and lack of rigorous uncertainty quantification. We developed a comprehensive, generalizable uncertainty quantification framework that decomposes predictive uncertainty into aleatoric and epistemic components using Quantile Regression Forests. Additionally, we applied unsupervised k-means clustering to isolate homogeneous data regimes, thereby reducing aleatoric uncertainty across spatially heterogeneous geoscientific data sets. To facilitate interpretation and quality assessment, we introduced five spatial diagnostic tools: bandwidth, variance, robustness, confidence and explainability maps that characterize prediction reliability and identify dominant uncertainty sources. To demonstrate the framework’s applicability, we tested it on three synthetic data sets varying in size and a real-world geothermal heat flow application with 14 geophysical observables across continental Africa. Results show that clustering substantially reduces aleatoric uncertainty while maintaining stable epistemic uncertainty. Clustering also improves predictive accuracy and sharpens prediction intervals, with gains most pronounced in homogeneous regions. Applied to the African geothermal heat flow, the framework reveals region-specific geological controls (lithospheric architecture dominates stable cratons, while tectonic proximity governs active rift zones) and guides targeted data collection by distinguishing high-epistemic regions requiring additional sampling from high-aleatoric zones needing improved observables. While theoretically applicable to other geographic regions and geophysical data sets, the framework’s performance in different geological settings requires validation. This interpretable, uncertainty-aware approach enhances trustworthiness of predictions in spatially heterogeneous, data-sparse geoscientific problems.",
losing2026community,article,published,2026,,Community heat flow recommendations: suitable basal boundary conditions for Greenland and Antarctica in ISMIP7,"Lösing, Mareen; Colgan, William; Stål, Tobias; Ebbing, Jörg; Busck, Anne G.; Zhang, Tong; Seroussi, Hélène L.; McCormack, Felicity; Fahrner, Dominik; Stearns, Leigh; Svendsen, Synne H.; Reading, Anya",GEUS Bulletin,62,,,Geological Survey of Denmark and Greenland,10.34194/r0w9rf81,https://geusbulletin.org/index.php/geusb/article/view/8411,,,,,,,,,,"Geothermal heat flow (GHF) influences ice sheet thermal conditions, affecting ice flow by sliding and deformation. However, GHF distribution under polar ice sheets remains poorly constrained, with few direct borehole-derived estimates and large discrepancies between glaciological and geophysical models caused by methodological differences and data limitations. As a result, many ice sheet models rely on uniform GHF estimates, ensemble averages or outdated fields that oversimplify reality. The choice of GHF product can lead to significantly different thermal conditions simulated at the ice-bed interface, which affects the projected evolution of ice sheets under climate warming. Therefore, we conducted an expert elicitation survey to identify the most suitable GHF fields for use as basal boundary conditions in ice sheet modelling, particularly for the Ice Sheet Modelling Intercomparison Project for CMIP7 (ISMIP7). GHF fields generally fall into three categories: (1) outdated due to improved data availability, (2) overly simplified parameterisations and (3) current and preferred. For GHF fields that rank highly in the survey, we discuss uncertainty and data dependency and guide their use in different applications. Finally, we recommend two Antarctic and one Greenlandic GHF fields for ISMIP7.",
losing2025linking,article,published,2025,,Linking Tectonics and Crustal Thermal Properties in Southwestern Australia and East Antarctica Through Coupled Gravity and Magnetic Analysis,"Lösing, Mareen; Aitken, Alan; Ebbing, Jörg; Halpin, Jacqueline A.; Li, Lu; Moorkamp, Max; Reading, Anya; Stål, Tobias",Journal of Geophysical Research: Solid Earth,130,12,e2024JB030770,American Geophysical Union (AGU),10.1029/2024JB030770,,,,,,,,,,,"The shared tectonic history of southwestern Australia and East Antarctica facilitates the exchange of geological insights between the regions. In this study, we present coupled susceptibility and density models obtained through the joint inversion of magnetic and gravity data. By assuming a common geological source for both signals, our coupling method minimizes misfits and variation in information, thereby enhancing a correlation between susceptibility and density. The resulting anomalies demonstrate structural continuity between the continents, aligning closely with major shear zones and seismic reflectors. Combining these results with machine learning, geochemical, and petrophysical databases, we predict a high‐resolution (10 km) heat production map for East Antarctica. Utilizing a Markov Chain Monte Carlo (MCMC) algorithm, we further develop a geothermal heat flow map with greater spatial variability than previous studies, yielding an average of mW/ in East Antarctica and mW/ in southwestern Australia. Our results provide a crucial high‐resolution boundary condition for ice sheet simulations, enabling more realistic estimates of basal meltwater production and ice temperatures.",
abram2025emerging,article,published,2025,,Emerging evidence of abrupt changes in the Antarctic environment,"Abram, Nerilie J.; Purich, Ariaan; England, Matthew H.; McCormack, Felicity S.; Strugnell, Jan M.; Bergstrom, Dana M.; Vance, Tessa R.; Stål, Tobias; Wienecke, Barbara; Heil, Petra; Doddridge, Edward W.; Sallée, Jean-Baptiste; Williams, Thomas J.; Reading, Anya M.; Mackintosh, Andrew; Reese, Ronja; Winkelmann, Ricarda; Klose, Ann Kristin; Boyd, Philip W.; Chown, Steven L.; Robinson, Sharon A.",Nature,644,8077,621–633,Springer Science and Business Media LLC,10.1038/s41586-025-09349-5,,,,,,,,yes,,,,
staal2024geology,article,published,2024,,Geology Matters for Antarctic Geothermal Heat,"Stål, Tobias; Halpin, Jacqueline A.; Goodge, John W.; Reading, Anya M.",Geophysical Research Letters,51,13,e2024GL110098,American Geophysical Union (AGU),10.1029/2024GL110098,,,,,,,,yes,,,"Geothermal heat plays a vital role in Antarctic ice sheet stability. The continental geothermal heat flow distribution depends on lithospheric composition and ongoing tectonism. Heat‐producing elements are unevenly enriched in the crust over deep time by various geological processes. The contribution of crustal heat production to geothermal heat flow is widely recognized; however, in Antarctica, crustal geology is largely hidden, and its complexity has frequently been excluded in thermal studies due to limited observations and oversimplified assumptions. Li and Aitken (2024), https://doi.org/10.1029/2023GL106201 take a significant step forward, focusing on Antarctic crustal radiogenic heat. Utilizing gravity inversion and rock composition data, they show that the crustal heterogeneity introduces considerable variability to heat flow. However, modeling crustal heat production proves challenging because it lacks distinct associations with geophysical observables and has a narrow spatial association. Robust quantification of geothermal heat production and heat flow must incorporate explicit aspects of geology.",
mccormack2022fine,article,published,2022,,Fine‐Scale Geothermal Heat Flow in Antarctica Can Increase Simulated Subglacial Melt Estimates,"McCormack, Felicity S.; Roberts, Jason L.; Dow, Christine F.; Stål, Tobias; Halpin, Jacqueline A.; Reading, Anya M.; Siegert, Martin J.",Geophysical Research Letters,49,15,e2022GL098539,American Geophysical Union (AGU),10.1029/2022GL098539,,,,,,,,,,,"Antarctic geothermal heat flow (GHF) affects the thermal regime of ice sheets and simulations of ice and subglacial meltwater discharge to the ocean, but remains poorly constrained. We use an ice sheet model to investigate the impact of GHF anomalies on subglacial meltwater production in the Aurora Subglacial Basin, East Antarctica. We find that spatially‐variable GHF fields produce more meltwater than a constant GHF with the same background mean, and meltwater production increases as the resolution of GHF anomalies increases. Our results suggest that model simulations of this region systematically underestimate meltwater production using current GHF models. We determine the minimum basal heating required to bring the basal ice temperature to the pressure melting point, which should be taken together with the scale‐length of likely local variability in targeting in‐situ GHF field campaigns.",
staal2022properties,article,published,2022,,Properties and biases of the global heat flow compilation,"Stål, Tobias; Reading, Anya M.; Fuchs, Sven; Halpin, Jacqueline A.; Lösing, Mareen; Turner, Ross J.",Frontiers in Earth Science,10,,963525,Frontiers Media SA,10.3389/feart.2022.963525,,,,,,,,yes,,,"Geothermal heat flow is inferred from the gradient of temperature values in boreholes or short-penetration probe measurements. Such measurements are expensive and logistically challenging in remote locations and, therefore, often targeted to regions of economic interest. As a result, measurements are not distributed evenly. Some tectonic, geologic and even topographic settings are overrepresented in global heat flow compilations; other settings are underrepresented or completely missing. These limitations in representation have implications for empirical heat flow models that use catalogue data to assign heat flow by the similarity of observables. In this contribution, we analyse the sampling bias in the Global Heat Flow database of the International Heat Flow Commission; the most recent and extensive heat flow catalogue, and discuss the implications for accurate prediction and global appraisals. We also suggest correction weights to reduce the bias when the catalogue is used for empirical modelling. From comparison with auxiliary variables, we find that each of the following settings is highly overrepresented for heat flow measurements; continental crust, sedimentary rocks, volcanic rocks, and Phanerozoic regions with hydrocarbon exploration. Oceanic crust, cratons, and metamorphic rocks are underrepresented. The findings also suggest a general tendency to measure heat flow in areas where the values are elevated; however, this conclusion depends on which auxiliary variable is under consideration to determine the settings. We anticipate that using our correction weights to balance disproportional representation will improve empirical heat flow models for remote regions and assist in the ongoing assessment of the Global Heat Flow database.",
reading2022antarctic,article,published,2022,,Antarctic geothermal heat flow and its implications for tectonics and ice sheets,"Reading, Anya M.; Stål, Tobias; Halpin, Jacqueline A.; Lösing, Mareen; Ebbing, Jörg; Shen, Weisen; McCormack, Felicity S.; Siddoway, Christine S.; Hasterok, Derrick",Nature Reviews Earth & Environment,3,12,814–831,Springer Science and Business Media LLC,10.1038/s43017-022-00348-y,,,,,,,,yes,,,,
staal2021antarctic,article,published,2021,,Antarctic Geothermal Heat Flow Model: Aq1,"Stål, Tobias; Reading, Anya M.; Halpin, Jacqueline A.; Whittaker, Joanne M.","Geochemistry, Geophysics, Geosystems",22,2,e2020GC009428,American Geophysical Union (AGU),10.1029/2020GC009428,,,,,,,,yes,,,"We present a refined map of geothermal heat flow for Antarctica, Aq1, based on multiple observables. The map is generated using a similarity detection approach by attributing observables from geophysics and geology to a large number of high‐quality heat flow values ( N = 5,792) from other continents. Observables from global, continental, and regional datasets for Antarctica are used with a weighting function that allows the degree of similarity to increase with proximity and how similar the observables are. The similarity detection parameters are optimized through cross correlation. For each grid cell in Antarctica, a weighted average heat flow value and uncertainty metrics are calculated. The Aq1 model provides higher spatial resolution in comparison to previous results. High heat flow is shown in the Thwaites Glacier region, with local values over 150 mW m −2 . We also map elevated values over 80 mW m −2 in Palmer Land, Marie Byrd Land, Victoria Land and Queen Mary Land. Very low heat flow is shown in the interior of Wilkes Land and Coats Land, with values under 40 mW m −2 . We anticipate that the new geothermal heat flow map, Aq1, and its uncertainty bounds will find extended use in providing boundary conditions for ice sheet modeling and understanding the interactions between the cryosphere and solid Earth. The computational framework and open architecture allow for the model to be reproduced, adapted and updated with additional data, or model subsets to be output at higher resolution for regional studies.",
sanchez2021petrochron,article,published,2021,,PetroChron Antarctica: A Geological Database for Interdisciplinary Use,"Sanchez, G.; Halpin, J. A.; Gard, M.; Hasterok, D.; Stål, T.; Raimondo, T.; Peters, S.; Burton‐Johnson, A.","Geochemistry, Geophysics, Geosystems",22,12,e2021GC010154,American Geophysical Union (AGU),10.1029/2021GC010154,,,,,,,,,,,"We present PetroChron Antarctica, a new relational database including petrological, geochemical and geochronological data sets along with computed rock properties from geological samples across Antarctica. The database contains whole‐rock geochemistry with major/trace element and isotope analyses, geochronology from multiple isotopic systems and minerals for given samples, as well as an internally consistent rock classification based on chemical analysis and derived rock properties (i.e., chemical indices, density, p ‐velocity, and heat production). A broad range of meta‐information such as geographic location, petrology, mineralogy, age statistics and significance are also included and can be used to filter and assess the quality of the data. Currently, the database contains 11,559 entries representing 10,056 unique samples with varying amounts of geochemical and geochronological data. The distribution of rock types is dominated by mafic (36%) and felsic (33%) compositions, followed by intermediate (22%) and ultramafic (9%) compositions. Maps of age distribution and isotopic composition highlight major episodes of tectonic and thermal activity that define well known crustal heterogeneities across the continent, with the oldest rocks preserved in East Antarctica and more juvenile lithosphere characterizing West Antarctica. PetroChron Antarctica allows spatial and temporal variations in geology to be explored at the continental scale and integrated with other Earth‐cryosphere‐biosphere‐ocean data sets. As such, it provides a powerful resource ready for diverse applications including plate tectonic reconstructions, geological/geophysical maps, geothermal heat flow models, lithospheric and glacial isostasy, geomorphology, ice sheet reconstructions, biodiversity evolution, and oceanography.",
staal2020antarctic,article,published,2020,,The Antarctic Crust and Upper Mantle: A Flexible 3D Model and Software Framework for Interdisciplinary Research,"Stål, Tobias; Reading, Anya M.; Halpin, Jacqueline A.; Phipps, Steven J.; Whittaker, Joanne M.",Frontiers in Earth Science,8,,577502,Frontiers Media SA,10.3389/feart.2020.577502,,,,,,,,yes,,,"Interdisciplinary research concerning solid Earth–cryosphere interaction and feedbacks requires a working model of the Antarctic crust and upper mantle. Active areas of interest include the effect of the heterogeneous Earth structure on glacial isostatic adjustment, the distribution of geothermal heat, and the history of erosion and deposition. In response to this research need, we construct an adaptable and updatable 3D grid model in a software framework to contain and process solid Earth data. The computational framework, based on an open source software package agrid , allows different data sources to be combined and jointly analyzed. The grid model is populated with crustal properties from geological observations and geochronology results, where such data exist, and published segmentation from geophysical data in the interior where direct observations are absent. The grid also contains 3D geophysical data such as wave speed and derived temperature from seismic tomographic models, and 2D datasets such as gravity anomalies, surface elevation, subglacial temperature, and ice sheet boundaries. We demonstrate the usage of the framework by computing new estimates of subglacial steady-state heat flow in a continental scale model for east Antarctica and a regional scale model for the Wilkes Basin in Victoria Land. We hope that the 3D model and framework will be used widely across the solid Earth and cryosphere research communities.",
morse2022exploratory,article,published,2022,,Exploratory Volumetric Deep Earth Visualization by 2.5D Interactive Compositing,"Morse, Peter E.; Reading, Anya M.; Stal, Tobias",IEEE Transactions on Visualization and Computer Graphics,28,7,2641–2653,Institute of Electrical and Electronics Engineers (IEEE),10.1109/TVCG.2020.3037226,,,,,,,,,,,,
staal2020grid,article,published,2020,,"A Grid for Multidimensional and Multivariate Spatial Representation and
                        Data Processing","Stål, Tobias; Reading, Anya M.",Journal of Open Research Software,8,1,2,"Ubiquity Press, Ltd.",10.5334/jors.287,,,,,,,,,,,,
staal2019multivariate,article,published,2019,,A Multivariate Approach for Mapping Lithospheric Domain Boundaries in East Antarctica,"Stål, Tobias; Reading, Anya M.; Halpin, Jacqueline A.; Whittaker, Joanne M.",Geophysical Research Letters,46,17-18,10404–10416,American Geophysical Union (AGU),10.1029/2019GL083453,,,,,,,,yes,,,"Beneath the ice of East Antarctica lies a continent that is likely to be as geologically complex as its neighbors in Gondwana. An improved model of the heterogeneous lithosphere is required to progress research on Antarctica's tectonic evolution and support interdisciplinary studies of cryosphere and solid Earth interaction. We make use of multiple data sets, which were updated following the field campaigns and compilations of the International Polar Year of 2007/2008. Seismic tomography results, gravity anomalies, and surface elevation are used in a novel method, which combines spatial multivariate data to map possible boundaries as projected likelihood functions. Six multivariate combinations are tested and compared with sparse geological observations in East Antarctica. The resulting lithospheric domain boundaries contribute to our understanding of the deep continental structure. New boundaries are suggested in the interior, and models agree with likely surface expressions of crustal tectonic boundaries exposed along the coast.",
morse2019well,article,published,2019,,Well-Posed Geoscientific Visualization Through Interactive Color Mapping,"Morse, Peter E.; Reading, Anya M.; Stål, Tobias",Frontiers in Earth Science,7,,274,Frontiers Media SA,10.3389/feart.2019.00274,,,,,,,,,,,,
manassero2026mantle,submitted,in review,2026,,"Magnetotellurics, mantle viscosity, integrated geophysics, glacial isostatic adjustment, mantle water content, East Antarctica","Manassero, María Constanza; Selway, Kate; Reading, Anya M.; Askey-Doran, Niam; Peacock, J. R.; Ramirez, F.; Stål, Tobias",Journal of Geophysical Research: Solid Earth,,,,,,,,,,,,,,,,,Working title
staal2024youngminds,outreach,published,2024,,Geothermal Heat Shapes the Antarctic Ice Sheet From Below,"Stål, Tobias; McCormack, Felicity S.; Reading, Anya M.; Askey-Doran, Niam; Halpin, Jacqueline A.; Lösing, Mareen",Frontiers for Young Minds,11,,1178537,Frontiers Media SA,10.3389/frym.2023.1178537,,,,,,,,,,,"Antarctica’s ice sheet is constantly on the move, flowing from the deep, frozen interior of the continent toward the ocean, where it melts. In fact, because the oceans are getting warmer, the Antarctic ice sheet melts faster, and therefore, the sea level is rising. However, predicting how the ice sheet will flow differently from place to place is complicated. The landscape beneath the ice sheet helps to control how fast the ice moves. For example, the ice can stick and deform, or slide smoothly across the land under the ice. Naturally occurring heat from inside the Earth can cause the base of the ice sheet to melt and soften so that it flows more easily, sliding on the meltwater formed. The amount of this geothermal heat varies across Antarctica and is difficult to measure. However, scientists with various expertise can collaborate to understand how much heat there is and how it shapes the ice sheet.",
fuchs2024global,dataset,,2024,,The Global Heat Flow Database: Release 2024,"{Global Heat Flow Data Assessment Group}; Fuchs, Sven; Neumann, Florian; Norden, Ben; Balkan-Pazvantoglu, Elif; Elbarbary, Samah; Petrunin, Alexey; Beardsmore, Graeme; Harris, Robert; Negrete-Aranda, Raquel; Poort, Jeffrey; Verdoya, Massimo; Liu, Shaowen; Chambers, Emma; Fuentes, Karina; Sidigam, Eswara Rao; Matiz-Leon, Jhon Camilo; Bencharef, Mohammed Hichem; Mino, Belay G.; Khaled, Mohamed Shafik; Verch, Denise; Berger, Leonard; Chishti, Saman Firdaus; Dergunova, Viktoria; Liebing, Helena; Schulz, Marvin; Schuppe, Pia; Trepalova, Zlata; Chiozzi, Paolo; Duque, Maria Rosa Alves; Forster, Florian; Leveni, Martina; Stål, Tobias",GFZ Data Services,,,,GFZ Data Services,10.5880/fidgeo.2024.014,https://dataservices.gfz.de/10.5880/fidgeo.2024.014/the-global-heat-flow-database-release-2024,,,,,no,yes,,,,"The data publication contains the compilation of global heat-flow data by the International Heat Flow Commission (IHFC; www.ihfc-iugg.org) of the International Association of Seismology and Physics of the Earth's Interior (IASPEI). The presented data update release 2024 contains data generated between 1939 and 2024 and constitutes the second intermediate update benefiting from the global collaborative assessment and quality control of the Global Heat Flow Database running since May 2021 (http://assessment.ihfc-iugg.org). The data release comprises new original heat-flow data published since April 2023 (the update 2023). It contains 91,182 heat-flow data from 1,586 publications. 57% of the reported heat-flow values are from the continental domain (n ~ 54,553), while the remaining 43% are located in the oceanic domain (n ~ 36,692).",
reading2024dml,dataset,,2024,,"Ice Sheets and Interactions, Dronning Maud Land and Coats Land","Reading, Anya M.; Stål, Tobias; Kelly, Ian",International Federation of Digital Seismograph Networks,,,,International Federation of Digital Seismograph Networks,10.7914/J9CQ-XD60,https://www.fdsn.org/networks/detail/8G_2024/,,,,,,,,,,"Broadband and node-type sensors deployed with the aim of understanding ice sheets, the ice-bedrock interface zone, and Earth-ice interactions in Dronning Maud Land and Coats Land, Antarctica.",
fuchs2023global,dataset,,2023,,The Global Heat Flow Database: Update 2023,"{Global Heat Flow Data Assessment Group}; Fuchs, Sven; Neumann, Florian; Norden, Ben; Beardsmore, Graeme; Chiozzi, Paolo; Colgan, William; Anguiano Dominguez, Ana Paulina; Duque, Maria Rosa Alves; Ojeda Espinoza, Orlando Miguel; Forster, Florian; Förster, Andrea; Fröhder, Robert; Fuentes, Karina; Hajto, Marek; Harris, Robert; Jõeleht, Argo; Liebing, Helena; Liu, Shaowen; Lüdtke, Gwendolin; Madon, Mazlan; Negrete-Aranda, Raquel; Poort, Jeffrey; Reznik, Itay J.; Riedel, Michael; Rolandone, Frédérique; Stål, Tobias; Verdoya, Massimo; Wu, Jyun-Nai",GFZ Data Services,,,,GFZ Data Services,10.5880/fidgeo.2023.008,https://dataservices.gfz.de/10.5880/fidgeo.2023.008/the-global-heat-flow-database-update-2023,,,,,,,,,,The data publication contains the compilation of global heat-flow data by the International Heat Flow Commission (IHFC; www.ihfc-iugg.org) of the International Association of Seismology and Physics of the Earth's Interior (IASPEI). The presented data update 2023 contains data generated between 1939 and 2022 and constitutes the first intermediate update benefiting from the global collaborative assessment and quality control of the Global Heat Flow Database running since May 2021 (http://assessment.ihfc-iugg.org).,
staal2023ice,dataset,,2023,,"Ice Sheets and Interactions, East Antarctica","Stål, Tobias; Reading, Anya M.; Kupis, Shyla",International Federation of Digital Seismograph Networks,,,,International Federation of Digital Seismograph Networks,10.7914/74EN-YT90,https://www.fdsn.org/networks/detail/5Q_2023/,,,,,,,,,,"Broadband and node-type sensors deployed with the aim of understanding ice sheets, the ice-bedrock interface zone, and Earth-ice interactions in East Antarctica.",
staal2021casey,dataset,,2021,,Casey-Wilkins Adaptable Array,"Stål, Tobias; Reading, Anya M.; Kupis, Shyla; Newlands, James",International Federation of Digital Seismograph Networks,,,,International Federation of Digital Seismograph Networks,10.7914/SN/Z9_2021,https://www.fdsn.org/networks/detail/Z9_2021/,,,,,,,yes,,,"Rapid Deployment Seismic Recorders for Interdisciplinary Antarctic Research. Targeting ice bedrock interface characterisation, seismic wavefield investigations, and method development for ice sheet seismology.",
staal2020pangaea,dataset,,2020,,The Antarctic crust and upper mantle: a flexible 3D model and framework for interdisciplinary research,"Stål, Tobias; Reading, Anya M; Halpin, Jacqueline A; Phipps, Steven J; Whittaker, Joanne",PANGAEA,,,,PANGAEA,10.1594/PANGAEA.918549,https://doi.pangaea.de/10.1594/PANGAEA.918549,,,,,,,,,,"Example outputs from agrid model.ant_gia_dem_0.tiff is a simplified GIA model, using seismic data to constrain lithosphere thickness and crustal thickness.Aq0.tiff is a steady-state heat flow model with a simple segmented crust, but not including neotectonism. The values in particularly West Antarctica is therefore underestimated.",
reading2015cad,dataset,,2015,,"CAD Seismic Deployment, Casey-Davis Region, East Antarctica","Reading, Anya M.; Stål, Tobias",International Federation of Digital Seismograph Networks,,,,University of Tasmania,10.7914/NRW9-9825,https://www.fdsn.org/networks/detail/9V_2015/,,,,,,,,,,"A sparse seismic instrument deployment between Casey and Davis stations in East Antarctica, also extending to the east of Casey. Co-located with GNSS stations and magnetotelluric recording sites. The network aims to collect data to inform the Earth response to ice sheet change.",
staal2022ripley,software,,2022,,Fast Calculation of Ripley's K and L Functions on a Sphere,"Stål, Tobias",Zenodo,,,,Zenodo,10.5281/zenodo.6865005,https://github.com/TobbeTripitaka/ripley,,,,,,,,,,Fast code to calculate Ripley's K and L functions for a sphere (e.g. a planet),
staal2019agrid,software,,2019,,agrid: a grid for multidimensional and multivariate spatial modelling,"Stål, Tobias",Zenodo,,,,Zenodo,10.5281/zenodo.2553966,https://github.com/TobbeTripitaka/agrid,,,,,,,,,,This is a first realise of agrid to start testing and for further development. Expect further 0.x releases during the coming weeks after initial tests.,
staal2026aq2,abstract,,2026,,"Aq2 and Kq2, refined geothermal heat flow models from multivariate observables for application to ice sheet modelling","Stål, Tobias; McCormack, Felicity S.; Reading, Anya M.; Al-Aghbary, Magued; {Aq2 Interdisciplinary Research Collaboration}",EGU General Assembly 2026,,,EGU26-6138,Copernicus GmbH,10.5194/egusphere-egu26-6138,,,,,,,,,,,"Geothermal heat plays an important role in basal ice sheet processes, potentially influencing the stability of Antarctica’s interior ice sheets. Modelled geothermal heat flow can yield discrepancies due to methodological choices and limited data. Recent advances in multivariate analysis and empirical methods have resolved many of these inconsistencies, yielding more consistent outputs that now serve as valuable inputs to ice sheet simulations. Nevertheless, substantial uncertainties remain, particularly in regions with sparse observational coverage. A key factor in addressing these challenges is the spatial resolution of heat flow maps, which governs how basal melt is represented in ice sheet dynamics. We introduce two new geothermal heat flow models designed for glaciated regions: Aq2, developed for continental Antarctica, and Kq2, developed for Greenland. Both models utilise a common framework and employ a multivariate, empirical similarity approach that integrates 18 of the most recent and highest quality observables with the latest reference geothermal heat database, to which we apply weighting and pre-processing to improve representation. Compared to previous empirical models, Aq2 and Kq2 offer reduced uncertainty, greater robustness, and refined spatial resolution. Geothermal heat flow is mapped onto a 0.5 × 0.5 km grid using a forward redistribution approach, which enables higher spatial resolution by leveraging refined observations where available. The models are openly shared in interoperable formats, complete with uncertainty estimates and reproducible code.",
staal2025seismicity,abstract,,2025,,Seismicity of Denman Glacier: Constraints on Geometry and Dynamics,"Stål, Tobias; Reading, Anya M.; Askey-Doran, Niam; Cook, Sue; Gradl, Jakob; Hudson, Thomas; Kelly, Ian; Kulessa, Bernd; Kupis, Shyla; Lösing, Mareen; Magyar, Jared; Manassero, Maria Constanza; Scheiter, Matthias; Selway, Kate; Thompson, Sarah; Turner, Ross",EGU General Assembly 2025,,,EGU25-5279,Copernicus GmbH,10.5194/egusphere-egu25-5279,,,,,,,,,,,"Denman Glacier is one of the largest outlet glaciers in Antarctica. Despite its potential significance for sea level change, its geometry and dynamics remain poorly constrained, making predictions of its response to the changing climate challenging. Seismic signals arise from internal stress and interaction with the subglacial landscape, however, seismic methods are still an often underutilised tool for investigating glacial characteristics. In fact, seismology provides one of the few tools for directly observing the processes and properties that control outlet glacier stability and flow. We present an overview of the seismic data acquired from a transect across Denman Glacier during the Denman Terrestrial Campaign (2023/24). The transect is located 50 km upstream from the grounding line, where the glacier is 13 km wide, and modelling studies suggest a very deep subglacial trough. We employ a combination of passive and active seismic techniques to study the glacier’s geometry, internal structure, and dynamics. Our findings reveal constraints on the glacier's geometry, providing an independent view of the depth extent of the main trough. The recorded seismicity also offers preliminary insights into the glacier's dynamics, the baseline for the monitoring of changing environmental forcing.",
staal2023entropy,abstract,,2023,,Using information entropy to optimise and communicate certainty of continental scale tectonic models,"Stål, Tobias; Reading, Anya M.; Cracknell, Matthew J.; Ebbing, Jörg; Halpin, Jacqueline A.; Kelly, Ian D.; MacKie, Emma J.; Sobh, Mohamed; Turner, Ross J.; Whittaker, Joanne M.",EGU General Assembly 2023,,,EGU23-4074,Copernicus GmbH,10.5194/egusphere-egu23-4074,,,,,,,,,,,"Antarctic subglacial properties impact geothermal heat, subglacial sedimentation, and glacial isostatic adjustment; critical parameters for predicting the ice sheet's response to warming oceans. However, the tectonic architecture of the Antarctic interior is unresolved, with results dependent on datasets or extrapolation used. Most existing deterministic suggestions are derived from qualitative observations and often presented as robust results; however, they hide possible alternative interpretations. Using information entropy as a measure of certainty, we present a robust tectonic segmentation model generated from similarity analysis of multiple geophysical and geological datasets. The use of information entropy provides us with an unbiased and transparent metric to communicate the ambiguities from the uncertainties of qualitative classifications. Information theory also allows us to test and optimise the methods and data to evaluate how choices impact the distribution of alternative output maps. We further discuss how this metric can quantify the predictive power of parameters as a function of regions with different tectonic settings.",
staal2021phd,thesis,,2021,,The Antarctic lithosphere revealed by multivariate analysis,"Stål, Tobias",University of Tasmania,,,,,,https://figshare.utas.edu.au/articles/thesis/The_Antarctic_lithosphere_revealed_by_multivariate_analysis/23254094,,,,,,,,,phdthesis,,PhD thesis
staal2015msc,thesis,,2015,,High-resolution S- and P-wave seismic mapping of near-surface chalk deposits,"Stål, Tobias",University of Copenhagen,,,,,,,,,,,,,,,mastersthesis,,MSc thesis
staal2011bsc,thesis,,2011,,Processes and development of the Faroe North Slide Complex,"Stål, Tobias",University of Copenhagen,,,,,,,,,,,,,,,misc,,BSc thesis
pos-aceas,position,,2022,Present,Research Associate in Computational Physics (Geophysics),,,,,,,,,"ACEAS, University of Tasmania","Tasmania, Australia",,,,,,,,,
pos-fellow,position,,2021,2022,Research Fellow in Antarctic Seismology,,,,,,,,,University of Tasmania,"Tasmania, Australia",,,,,,,,,
pos-ra,position,,2020,2021,Research Assistant,,,,,,,,,University of Tasmania,"Tasmania, Australia",,,,,no,,,,
pos-casual,position,,2016,2021,"Casual tutor, demonstrator and research assistant",,,,,,,,,University of Tasmania,"Tasmania, Australia",,,,,no,,,,
edu-phd,education,,2021,,"PhD, Geophysics, Geology and Computational Methods",,,,,,,,,University of Tasmania,Australia,"Thesis: *The Antarctic lithosphere revealed by multivariate analysis* | Supervisors: AM Reading, JA Halpin, JM Whittaker | Coursework in statistics and computational geophysics",,,,,,,,
edu-msc,education,,2015,,"MSc, Geophysics",,,,,,,,,University of Copenhagen,Denmark,"Thesis: *High-resolution S- and P-wave seismic mapping of near-surface chalk deposits* | Supervisor: L Nielsen | Coursework in geophysics, stochastic modelling and sedimentary basins",,,,,,,,
edu-bsc,education,,2011,,"BSc, Geology",,,,,,,,,University of Copenhagen,Denmark,"Including studies at UNIS, Svalbard | Thesis: *Processes and development of the Faroe North Slide Complex* | Supervisors: GK Pedersen, T Nielsen | Coursework in geology, palaeontology, geomorphology, Quaternary geology and Arctic marine geology",,,,,,,,
edu-sound,education,,1998,,"AD, Sound Engineering",,,,,,,,,Piteå Music Conservatory (Luleå University of Technology),"Piteå, Sweden","Coursework in electronics, acoustics, radio broadcasting, music theory and recording technology | Including exchange studies at VGIK, Moscow, Russia",,,,,,,,
edu-other,education,,,Ongoing,Unincorporated studies (162.5 ECTS),,,,,,,,,,,"Linguistics (linguistic typology, sociolinguistics, African languages, Nordic studies, pragmatics, grammar) | Geology: climate change, non-Nordic geology (the American Cordillera), Arctic petroleum provinces, geohazards, GIS and remote sensing",,,,no,,,,
conf-2026-00,conference,,2026,,EGU General Assembly,,,,,,,,,,"Vienna, Austria","Aq2 and Kq2, refined geothermal heat flow models from multivariate observables for application to ice sheet modelling",,,,,,,,
conf-2025-01,conference,,2025,,geoBRIDGE Working Group Hackathon,,,,,,,,,,"Perth, Australia",Participant and project contributor,,,,,,,,
conf-2025-02,conference,,2025,,EGU General Assembly,,,,,,,,,,"Vienna, Austria",Seismicity of Denman Glacier: constraints on geometry and dynamics,,,,,,,,
conf-2024-03,conference,,2024,,SCAR Open Science Conference,,,,,,,,,,"Pucón, Chile","Aq2: a refined geothermal heat flow map of Antarctica from multivariate observables for application to ice sheet modelling | Exploring Atlas Antarktiki: a distinctive repository of historical Antarctic and Southern Ocean data | Convened three scientific sessions on Antarctic geology and geophysics, and co-organised a side meeting to organise collaborations at Bunger Hills",,,,,,,,
conf-2023-04,conference,,2023,,EGU General Assembly,,,,,,,,,,"Vienna, Austria",Using information entropy to optimise and communicate certainty of continental scale tectonic models,,,,,,,,
conf-2023-05,conference,,2023,,Maydena Subglacial Hydrology and Geology Workshop,,,,,,,,,,"Maydena, Australia",The subglacial heat budget – a conceptual investigation | Organised and co-chaired the workshop,,,,,,,,
conf-2021-06,conference,,2021,,AGU Fall Meeting,,,,,,,,,,New Orleans and online,"Modelling Antarctic subglacial geothermal heat transfer in higher resolution, with reduced uncertainty and assumptions addressed | Co-convened a session on Antarctic geothermal heat",,,,,,,,
conf-2021-07,conference,,2021,,"Australian Earth Sciences Convention (AESC) ""Core to Cosmos""",,,,,,,,,,online,Data-driven tectonic regionalisation of Antarctica: appreciate the similarity | Convened two sessions on data science and machine learning,,,,,,,,
conf-2020-08,conference,,2020,,SCAR Open Science Conference: Antarctic – Global Connections,,,,,,,,,,online,"Towards a reconciled heat flow map for Antarctica: Aq1 | The Wilkes Land sector including the Aurora Basin, and its most probable subglacial geology",,,,,,,,
conf-2020-09,conference,,2020,,AGU Fall Meeting,,,,,,,,,,online,"Multivariate geothermal heat flow models of Antarctica, towards Aq2",,,,,,,,
conf-2019-10,conference,,2019,,Geological Society of Australia SGTSG Meeting,,,,,,,,,,"Port Lincoln, Australia","The probable geology of the Aurora Basin, East Antarctica",,,,,,,,
conf-2019-11,conference,,2019,,XIII International Symposium on Antarctic Earth Sciences (ISAES),,,,,,,,,,"Incheon, Korea",Linking Antarctic geological observations and geophysical data in a probabilistic space,,,,,,,,
conf-2018-12,conference,,2018,,POLAR2018 Open Science Conference,,,,,,,,,,"Davos, Switzerland",A multi-domain lithospheric model of East Antarctica,,,,,,,,
conf-2018-13,conference,,2018,,SCAR TACtical heat flow workshop,,,,,,,,,,"Hobart, Australia",Talk and poster on the tectonic structure of Antarctica,,,,,,,,
conf-2018-14,conference,,2018,,IEEE Antarctic and Southern Ocean Forum (ASOF),,,,,,,,,,"Hobart, Australia",A frame for processing multivariate Antarctic solid Earth data,,,,,,,,
conf-2018-15,conference,,2018,,DataTas seminar,,,,,,,,,,"Hobart, Australia",Software construction tools make everything so easy!,,,,,,,,
conf-2018-16,conference,,2018,,Agile* Subsurface Hackathon,,,,,,,,https://matt-hall-m05q.squarespace.com/blog?offset=1532675460619&category=News,,"Copenhagen, Denmark",Winner of the People's Choice Award,,,,,,,,
conf-2017-17,conference,,2017,,AGU Fall Meeting,,,,,,,,,,"New Orleans, USA",Combined constraints on the structure and physical properties of the East Antarctic lithosphere from geology and geophysics,,,,,,,,
conf-2015-18,conference,,2015,,Workshop on 3D Reflection Seismic Processing Using Open-Source Software,,,,,,,,,,"Rice University, Houston, Texas, USA",,,,,,,,,
work-grit,work,,2021,Present,GRIT Facility Manager – Instrumentation,,,,,,,,,University of Tasmania,"Tasmania, Australia",Instrumentation management and Antarctic fieldwork support,Instrumentation management and Antarctic fieldwork support,,,yes,,,,
work-geoneon,work,,2019,2021,Geoscientist,,,,,,,,,Geoneon,Australia,"Marine geoscience, GIS and data compilation",,,,no,,,,
work-cowi,work,,2010,2015,Field Leader and Geophysicist,,,,,,,,,COWI,Denmark,"MEP, GPR and TEM fieldwork, and GIS-based survey design and interpretation","MEP, GPR and TEM fieldwork and survey design",,,yes,,,,
work-alharah,work,,2011,2012,Invited technician and video designer,,,,,,,,,Al-Harah Theatre,Palestine,,,,,no,,,,
work-npi,work,,2010,,Field Scientist,,,,,,,,,Norwegian Polar Institute,Svalbard,Supporting biological fieldwork,,,,no,,,,
work-rapideye,work,,2009,2016,Lighting Designer,,,,,,,,,Rapid Eye,Denmark,Including the award-winning performance *QUIPROQUO*,,,,no,,,,
work-stu,work,,2009,2014,Lighting Designer,,,,,,,,,STÜ,Estonia,Including touring,,,,no,,,,
work-ghana,work,,2008,2009,Technical Producer,,,,,,,,,National Theatre of Ghana,Ghana,,,,,no,,,,
work-riks,work,,2005,2007,Sound/Video/Light Designer and Technician,,,,,,,,,The Swedish National Touring Theatre,Sweden,And shorter projects until 2011,,,,no,,,,
work-cirkor,work,,2004,2006,Sound Engineer,,,,,,,,,Circus Cirkör,Sweden and world tour,,,,,no,,,,
work-dramaten,work,,2003,2004,Sound Designer,,,,,,,,,The Royal Dramatic Theatre,Sweden,,,,,no,,,,
work-sr,work,,1997,2004,Sound Engineer,,,,,,,,,"Swedish Radio (P1, P3)",Sweden,,,,,no,,,,
work-uppsala,work,,1998,2003,Stage Manager,,,,,,,,,Uppsala Stadsteater,Sweden,,,,,no,,,,
work-plumbing,work,,1993,1996,Plumbing Apprentice,,,,,,,,,Linds Rör AB,Sweden,,,,,no,,,,
work-stage-summary,work,,1997,2016,"Sound engineer, sound, lighting and video designer, technical producer",,,,,,,,,"Swedish Radio, Royal Dramatic Theatre, Circus Cirkör, National Theatre of Ghana, STÜ and others","Sweden, Denmark, Estonia, Ghana, Palestine",,,no,no,yes,,,,Short-CV summary of the stage and radio career listed in full above
award-rst,award,,2023,,Royal Society of Tasmania Doctoral Award,,,,,,,,,,,,,,,yes,,,,
award-wiley,award,,2021,,Wiley Top Cited Article,,,,,,,,,,,,,,,yes,,,,
award-phd,award,,2020,,PhD Award for Outstanding Performance during Postgraduate Studies,,,,,,,,,,,,,,,yes,,,,
award-ide,award,,2019,,"Progress in Inclusion, Diversity & Equity",,,,,,,,,,,,,,,no,,,,
svc-instant,service,,2021,Present,Co-chair,,,,,,,,,SCAR INSTANT Heat Flow Subcommittee,,,,,,yes,,,,
svc-ihfc,service,,2023,Present,Member,,,,,,,,,"International Heat Flow Commission (IHFC), IUGG",,,,,,yes,,,,
svc-aarc,service,,2020,,Organising committee,,,,,,,,,Australian Antarctic Research Conference (AARC),,,,,,no,,,,
svc-sgtsg,service,,2019,,Organising committee,,,,,,,,,Geological Society of Australia SGTSG Meeting,,,,,,no,,,,
svc-ide,service,,2017,2020,Member,,,,,,,,,"School of Natural Sciences Inclusion, Diversity & Equity Committee",,,,,,no,,,,
art-beaker,art,,2025,,Seismic Dance Party,"Stål, Tobias; Reading, Anya M.; Verell, K.",Beaker Street,,,,,,,,Hobart,"Collaborative science–art performance with AuScope, sound designer K Verell and DJs Huh Pink, translating Denman Glacier seismic data into an immersive audio-visual dancefloor experience",Denman Glacier seismic data as an audio-visual dancefloor experience,,,yes,,,,
art-azores,art,,2025,,An Infrasonorous Archipelago,"Bleach, Lucy","Walk&Talk Biennial ""Gestures of Abundance""",,,,,,,,Azores,Using seismo-volcanic infrasound from the Azores to create tactile and sonic works that tune audiences to the Earth’s low-frequency vibrations,seismo-volcanic infrasound as tactile and sonic works,,,yes,,,,
art-paris,art,,2025,,Through Our Eyes,"Nieboer, M.",Australian Embassy,,,,,,,,Paris,"Exhibition on women’s experiences and narratives, the culmination of two years of work; I contributed cartographic design and geospatial visualisation",,,,,,,,
art-sydney,art,,2023,,soft rock monitoring (the slow seismogenic zone),"Bleach, Lucy","EARTHEN. Better Nature, Cement Fondu",,,,,,,,Sydney,"Collaboration with Lucy Bleach and Geoscience Australia, transmitting vibrational signals from the SYDS soft-rock urban seismic monitoring site into the gallery architecture via transducer speakers",,,,,,,,
art-tarrawarra,art,,2021,,Attenuated ground (the slow seismogenic zone),"Bleach, Lucy",TarraWarra Biennial 2021: Slow Moving Waters,,,,,,,,"TarraWarra Museum of Art, Victoria","Integrating double bass, cast toffee, seismometer, tactile transducers and slow-earthquake signals from the Japan Trench to render seismogenic motion as resonant sound and vibration",,,,,,,,
skill-coding,skill,,,,Coding,,,,,,,,,,,"Python (scikit-learn, OpenCV, TensorFlow, dask, xarray, geopandas), GIS (QGIS, ArcGIS, GDAL/OGR), TeX/LaTeX (TikZ), Bash, Linux, macOS, git, SCons, Madagascar, Seismic Unix, SQL and MAX. Some HTML, C and JavaScript (learning). Microsoft Office, Adobe Creative Suite, Blender (BlenderGIS), GIMP, Inkscape, CAD (Fusion). Working but outdated knowledge of MATLAB, SAC, Emacs Lisp and BASIC.","Python (scikit-learn, TensorFlow, dask, xarray, geopandas), GIS (QGIS, ArcGIS, GDAL), LaTeX/TikZ, Bash, git, SCons, SQL, Seismic Unix, Madagascar, Blender",,,yes,,,,
skill-field,skill,,,,Certificates,,,,,,,,,,,Coastal Skipper Certificate (SWE); Marine HF/VHF Radio Certificate (SWE); firearms licence and hunting certificate (SWE); PADI Advanced Open Water Diver (including dry suit and Nitrox); Wilderness First Aid (AUS); Australian Approved Arrangements Accreditation Biosecurity (AUS); trip leader and terrain-vehicle driver for the Australian Antarctic Division (e.g. Casey 2023),"Antarctic trip leader and terrain-vehicle driver (AAD, Casey 2023); Wilderness First Aid; Coastal Skipper; PADI Advanced Open Water",,,yes,,,,
skill-languages,skill,,,,Languages,,,,,,,,,,,"English (C2), Swedish (native), Danish (fluent), French (intermediate), Russian (functional), Asante Twi (functional), Norwegian (reading and understanding), Esperanto (inactive), Spanish (learning), Yiddish (learning), Estonian (learning)","English (C2), Swedish (native), Danish (fluent), French (intermediate), Russian and Asante Twi (functional)",,,yes,,,,
skill-courses,skill,,,,Online courses,,,,,,,,,,,"Drawing Nature, Science and Culture: Natural History Illustration NHI101x (University of Newcastle, 2020); 3D Earth spring school (Kiel University, 2021); Presenting Data and Information by Edward Tufte (2025)",,,,,,,,
skill-practical,skill,,,,Practical skills,,,,,,,,,,,"Welding, woodwork, diesel engines, sewing, cooking and baking (enquire about my chocolate mousse)",,,,,,,,
skill-interests,skill,,,,Other interests,,,,,,,,,,,"Music, literature and theatre. I also love old boats, particularly tugs.",,,,,,,,
